province,season_year,season,seasonal_rainfall
Eastern Cape,2001,Autumn (MAM),133.4141843629359
Eastern Cape,2001,Spring (SON),214.6272604435371
Eastern Cape,2001,Summer (DJF),109.57690307946318
Eastern Cape,2001,Winter (JJA),35.95554064068487
Eastern Cape,2002,Autumn (MAM),115.65775678386363
Eastern Cape,2002,Spring (SON),121.24184706549862
Eastern Cape,2002,Summer (DJF),206.08190640218103
Eastern Cape,2002,Winter (JJA),100.717010200571
Eastern Cape,2003,Autumn (MAM),125.92498931824363
Eastern Cape,2003,Spring (SON),116.47064852262993
Eastern Cape,2003,Summer (DJF),189.1838927482605
Eastern Cape,2003,Winter (JJA),39.56254852818739
Eastern Cape,2004,Autumn (MAM),127.8406483942561
Eastern Cape,2004,Spring (SON),129.9959290721911
Eastern Cape,2004,Summer (DJF),201.54550389045542
Eastern Cape,2004,Winter (JJA),42.098205088731866
Eastern Cape,2005,Autumn (MAM),123.94055349828858
Eastern Cape,2005,Spring (SON),155.6195296635799
Eastern Cape,2005,Summer (DJF),263.42424753037994
Eastern Cape,2005,Winter (JJA),38.79968426741217
Eastern Cape,2006,Autumn (MAM),133.19911072746592
Eastern Cape,2006,Spring (SON),171.52431783715747
Eastern Cape,2006,Summer (DJF),228.4386393147357
Eastern Cape,2006,Winter (JJA),77.61552799261044
Eastern Cape,2007,Autumn (MAM),125.15110135410711
Eastern Cape,2007,Spring (SON),157.71652120043535
Eastern Cape,2007,Summer (DJF),157.09484251641138
Eastern Cape,2007,Winter (JJA),46.5819716983359
Eastern Cape,2008,Autumn (MAM),110.06776674803153
Eastern Cape,2008,Spring (SON),112.89847252414476
Eastern Cape,2008,Summer (DJF),243.03310202372452
Eastern Cape,2008,Winter (JJA),49.3477810796106
Eastern Cape,2009,Autumn (MAM),87.87897978569526
Eastern Cape,2009,Spring (SON),162.72439934948926
Eastern Cape,2009,Summer (DJF),215.36438320585717
Eastern Cape,2009,Winter (JJA),66.54692094915157
Eastern Cape,2010,Autumn (MAM),99.97818043697643
Eastern Cape,2010,Spring (SON),135.62562374047164
Eastern Cape,2010,Summer (DJF),207.02523377820978
Eastern Cape,2010,Winter (JJA),30.014392878467834
Eastern Cape,2011,Autumn (MAM),161.03580108190374
Eastern Cape,2011,Spring (SON),96.34468399225864
Eastern Cape,2011,Summer (DJF),237.35922979261252
Eastern Cape,2011,Winter (JJA),77.36490375235219
Eastern Cape,2012,Autumn (MAM),133.36082586872578
Eastern Cape,2012,Spring (SON),145.28726607244323
Eastern Cape,2012,Summer (DJF),214.55298938670933
Eastern Cape,2012,Winter (JJA),78.68387221925425
Eastern Cape,2013,Autumn (MAM),129.02698676146383
Eastern Cape,2013,Spring (SON),125.27486211591818
Eastern Cape,2013,Summer (DJF),191.05766421742558
Eastern Cape,2013,Winter (JJA),42.66858101700639
Eastern Cape,2014,Autumn (MAM),120.81791388679251
Eastern Cape,2014,Spring (SON),150.71049067926592
Eastern Cape,2014,Summer (DJF),229.55354706622037
Eastern Cape,2014,Winter (JJA),30.786594431473567
Eastern Cape,2015,Autumn (MAM),123.3321046103774
Eastern Cape,2015,Spring (SON),125.74135444669731
Eastern Cape,2015,Summer (DJF),187.37799950718062
Eastern Cape,2015,Winter (JJA),91.88478574314745
Eastern Cape,2016,Autumn (MAM),122.84788159321616
Eastern Cape,2016,Spring (SON),102.12836107949944
Eastern Cape,2016,Summer (DJF),172.363289813676
Eastern Cape,2016,Winter (JJA),65.51547763937933
Eastern Cape,2017,Autumn (MAM),92.37478277664911
Eastern Cape,2017,Spring (SON),147.20489077027236
Eastern Cape,2017,Summer (DJF),194.92687050405812
Eastern Cape,2017,Winter (JJA),36.29028865171224
Eastern Cape,2018,Autumn (MAM),150.741373961077
Eastern Cape,2018,Spring (SON),102.8760021987108
Eastern Cape,2018,Summer (DJF),240.52296916773378
Eastern Cape,2018,Winter (JJA),48.27111327711388
Eastern Cape,2019,Autumn (MAM),173.36584496566118
Eastern Cape,2019,Spring (SON),71.0672175341852
Eastern Cape,2019,Summer (DJF),181.46599006926866
Eastern Cape,2019,Winter (JJA),24.750593718120374
Eastern Cape,2020,Autumn (MAM),152.10139276838325
Eastern Cape,2020,Spring (SON),132.03046095411722
Eastern Cape,2020,Summer (DJF),228.0473761239806
Eastern Cape,2020,Winter (JJA),21.409015504307593
Eastern Cape,2021,Autumn (MAM),101.56725409562537
Eastern Cape,2021,Spring (SON),146.07525409883428
Eastern Cape,2021,Summer (DJF),186.98748961923562
Eastern Cape,2021,Winter (JJA),38.8256998477733
Eastern Cape,2022,Autumn (MAM),186.6241608786415
Eastern Cape,2022,Spring (SON),200.62170644478877
Eastern Cape,2022,Summer (DJF),248.406094595256
Eastern Cape,2022,Winter (JJA),52.33031687075599
Eastern Cape,2023,Autumn (MAM),154.9051934170312
Eastern Cape,2023,Spring (SON),157.1049124810776
Eastern Cape,2023,Summer (DJF),282.3394860426513
Eastern Cape,2023,Winter (JJA),61.80548009523522
Eastern Cape,2024,Autumn (MAM),121.26602067268328
Eastern Cape,2024,Spring (SON),148.082278798219
Eastern Cape,2024,Summer (DJF),163.29470067819832
Eastern Cape,2024,Winter (JJA),60.27730499027881
Eastern Cape,2025,Autumn (MAM),202.5234289936557
Eastern Cape,2025,Spring (SON),141.8161576335665
Eastern Cape,2025,Summer (DJF),133.6147945552572
Eastern Cape,2025,Winter (JJA),76.10055657738123
Eastern Cape,2026,Summer (DJF),67.13432121371353
Free State,2001,Autumn (MAM),156.12047138896617
Free State,2001,Spring (SON),218.2960854664559
Free State,2001,Summer (DJF),121.92043355572409
Free State,2001,Winter (JJA),30.906020056157658
Free State,2002,Autumn (MAM),104.51629111271123
Free State,2002,Spring (SON),94.57417074846136
Free State,2002,Summer (DJF),252.87063843078818
Free State,2002,Winter (JJA),59.60762093528114
Free State,2003,Autumn (MAM),97.2130357823962
Free State,2003,Spring (SON),123.38351781782445
Free State,2003,Summer (DJF),249.07691228228938
Free State,2003,Winter (JJA),15.312448778482779
Free State,2004,Autumn (MAM),139.3154757232635
Free State,2004,Spring (SON),95.98087496540582
Free State,2004,Summer (DJF),219.37259070314607
Free State,2004,Winter (JJA),27.44750228576352
Free State,2005,Autumn (MAM),136.08576617329985
Free State,2005,Spring (SON),137.69536729352757
Free State,2005,Summer (DJF),288.7502251684538
Free State,2005,Winter (JJA),15.725750596941797
Free State,2006,Autumn (MAM),145.9514032218246
Free State,2006,Spring (SON),144.1821775447823
Free State,2006,Summer (DJF),317.95392486549235
Free State,2006,Winter (JJA),43.23441092343449
Free State,2007,Autumn (MAM),105.40746359733666
Free State,2007,Spring (SON),209.51502439012012
Free State,2007,Summer (DJF),189.56538123190145
Free State,2007,Winter (JJA),24.70295438491567
Free State,2008,Autumn (MAM),128.94201505531592
Free State,2008,Spring (SON),143.06378847556442
Free State,2008,Summer (DJF),235.33276776486912
Free State,2008,Winter (JJA),20.260620595172327
Free State,2009,Autumn (MAM),86.51363990972736
Free State,2009,Spring (SON),179.69777218743047
Free State,2009,Summer (DJF),284.18126850552676
Free State,2009,Winter (JJA),46.31822077372994
Free State,2010,Autumn (MAM),128.48609424527808
Free State,2010,Spring (SON),118.5127738049722
Free State,2010,Summer (DJF),334.1001853271483
Free State,2010,Winter (JJA),9.885956374658607
Free State,2011,Autumn (MAM),167.71964917494694
Free State,2011,Spring (SON),62.24625775366438
Free State,2011,Summer (DJF),391.1625901815664
Free State,2011,Winter (JJA),27.494313639007387
Free State,2012,Autumn (MAM),75.39524541902385
Free State,2012,Spring (SON),129.03684709868617
Free State,2012,Summer (DJF),214.16231951536943
Free State,2012,Winter (JJA),30.080339204780266
Free State,2013,Autumn (MAM),122.80557183904155
Free State,2013,Spring (SON),103.81520509896636
Free State,2013,Summer (DJF),242.32187748242785
Free State,2013,Winter (JJA),13.236791565614702
Free State,2014,Autumn (MAM),102.43776195066887
Free State,2014,Spring (SON),159.27927191270288
Free State,2014,Summer (DJF),249.60445709623247
Free State,2014,Winter (JJA),12.217393745733668
Free State,2015,Autumn (MAM),124.52649681164498
Free State,2015,Spring (SON),81.04791577239526
Free State,2015,Summer (DJF),203.06939616993182
Free State,2015,Winter (JJA),25.99977540924131
Free State,2016,Autumn (MAM),107.57097139604713
Free State,2016,Spring (SON),113.40275662237875
Free State,2016,Summer (DJF),162.07649626244805
Free State,2016,Winter (JJA),37.49554517297676
Free State,2017,Autumn (MAM),77.04953108293691
Free State,2017,Spring (SON),91.89612902730232
Free State,2017,Summer (DJF),302.0009858322013
Free State,2017,Winter (JJA),8.172098454497116
Free State,2018,Autumn (MAM),191.06965109082918
Free State,2018,Spring (SON),67.64957846052013
Free State,2018,Summer (DJF),255.5151132908689
Free State,2018,Winter (JJA),23.851861574347158
Free State,2019,Autumn (MAM),196.50259349626057
Free State,2019,Spring (SON),55.862011099400206
Free State,2019,Summer (DJF),233.08487277778863
Free State,2019,Winter (JJA),9.312346156326724
Free State,2020,Autumn (MAM),171.94018693166652
Free State,2020,Spring (SON),150.61531350545044
Free State,2020,Summer (DJF),280.9742908380096
Free State,2020,Winter (JJA),12.091146660458081
Free State,2021,Autumn (MAM),89.9478154644402
Free State,2021,Spring (SON),126.46936573430301
Free State,2021,Summer (DJF),345.0194562970906
Free State,2021,Winter (JJA),20.926072817327064
Free State,2022,Autumn (MAM),196.93309708517089
Free State,2022,Spring (SON),184.62641528214567
Free State,2022,Summer (DJF),331.3639708296969
Free State,2022,Winter (JJA),29.30483881388823
Free State,2023,Autumn (MAM),147.57528524085902
Free State,2023,Spring (SON),101.3328248468652
Free State,2023,Summer (DJF),275.1455484218217
Free State,2023,Winter (JJA),13.665091957158005
Free State,2024,Autumn (MAM),125.41054285296475
Free State,2024,Spring (SON),127.75575540512271
Free State,2024,Summer (DJF),243.66575973175108
Free State,2024,Winter (JJA),18.77673764848717
Free State,2025,Autumn (MAM),290.7873847526696
Free State,2025,Spring (SON),265.3738043698255
Free State,2025,Summer (DJF),207.60091207679335
Free State,2025,Winter (JJA),44.41840203361603
Free State,2026,Summer (DJF),80.74122380105652
Gauteng,2001,Autumn (MAM),95.71169027671871
Gauteng,2001,Spring (SON),229.2391618228742
Gauteng,2001,Summer (DJF),158.0161984085662
Gauteng,2001,Winter (JJA),17.725457777221198
Gauteng,2002,Autumn (MAM),109.18591363457256
Gauteng,2002,Spring (SON),103.48754916566226
Gauteng,2002,Summer (DJF),311.46505813552824
Gauteng,2002,Winter (JJA),31.59613925425158
Gauteng,2003,Autumn (MAM),82.75364197254838
Gauteng,2003,Spring (SON),139.12576764518144
Gauteng,2003,Summer (DJF),330.04005093318165
Gauteng,2003,Winter (JJA),13.447145127109682
Gauteng,2004,Autumn (MAM),140.1208808922174
Gauteng,2004,Spring (SON),133.9050327837553
Gauteng,2004,Summer (DJF),313.8434158742096
Gauteng,2004,Winter (JJA),14.884864612899975
Gauteng,2005,Autumn (MAM),140.73528554506635
Gauteng,2005,Spring (SON),128.31286820789754
Gauteng,2005,Summer (DJF),418.14646674143484
Gauteng,2005,Winter (JJA),3.7616420443184713
Gauteng,2006,Autumn (MAM),129.32186529616098
Gauteng,2006,Spring (SON),158.85950321758048
Gauteng,2006,Summer (DJF),445.7968142348767
Gauteng,2006,Winter (JJA),8.739837968390004
Gauteng,2007,Autumn (MAM),98.30980557608704
Gauteng,2007,Spring (SON),234.48774865632805
Gauteng,2007,Summer (DJF),249.78131212210022
Gauteng,2007,Winter (JJA),11.023510539214406
Gauteng,2008,Autumn (MAM),130.67852168140118
Gauteng,2008,Spring (SON),203.79126645015705
Gauteng,2008,Summer (DJF),338.865695746277
Gauteng,2008,Winter (JJA),8.338960824768822
Gauteng,2009,Autumn (MAM),117.06987971255886
Gauteng,2009,Spring (SON),240.60052645657933
Gauteng,2009,Summer (DJF),384.7672930617999
Gauteng,2009,Winter (JJA),21.288930498081758
Gauteng,2010,Autumn (MAM),169.94069991941305
Gauteng,2010,Spring (SON),112.95364372339488
Gauteng,2010,Summer (DJF),422.03202804226237
Gauteng,2010,Winter (JJA),2.6492212141615745
Gauteng,2011,Autumn (MAM),153.9866578284194
Gauteng,2011,Spring (SON),116.53800088728158
Gauteng,2011,Summer (DJF),367.94718083676025
Gauteng,2011,Winter (JJA),11.67309426855321
Gauteng,2012,Autumn (MAM),95.48845199606437
Gauteng,2012,Spring (SON),226.95937359343773
Gauteng,2012,Summer (DJF),267.9804768672924
Gauteng,2012,Winter (JJA),7.922742510277736
Gauteng,2013,Autumn (MAM),120.97289291288851
Gauteng,2013,Spring (SON),174.89393784572871
Gauteng,2013,Summer (DJF),270.38370666646983
Gauteng,2013,Winter (JJA),7.8915615135049935
Gauteng,2014,Autumn (MAM),176.71710655124625
Gauteng,2014,Spring (SON),145.67960327364943
Gauteng,2014,Summer (DJF),309.7997516834709
Gauteng,2014,Winter (JJA),8.470863486189842
Gauteng,2015,Autumn (MAM),119.19152556220261
Gauteng,2015,Spring (SON),126.38688981353224
Gauteng,2015,Summer (DJF),305.7818814170461
Gauteng,2015,Winter (JJA),7.283704447798874
Gauteng,2016,Autumn (MAM),148.04211731569424
Gauteng,2016,Spring (SON),199.43109137855174
Gauteng,2016,Summer (DJF),337.78102704741747
Gauteng,2016,Winter (JJA),15.822177386226533
Gauteng,2017,Autumn (MAM),120.0375091852784
Gauteng,2017,Spring (SON),168.45612031429945
Gauteng,2017,Summer (DJF),460.5910561459928
Gauteng,2017,Winter (JJA),3.2583237225824564
Gauteng,2018,Autumn (MAM),160.7500970329413
Gauteng,2018,Spring (SON),101.75177193677852
Gauteng,2018,Summer (DJF),334.54001885812863
Gauteng,2018,Winter (JJA),12.349008966661257
Gauteng,2019,Autumn (MAM),144.89980679859806
Gauteng,2019,Spring (SON),137.99872524705253
Gauteng,2019,Summer (DJF),410.04732208155684
Gauteng,2019,Winter (JJA),5.648468302202876
Gauteng,2020,Autumn (MAM),159.06222296421194
Gauteng,2020,Spring (SON),297.3295014481143
Gauteng,2020,Summer (DJF),295.0707757441752
Gauteng,2020,Winter (JJA),11.603751467557675
Gauteng,2021,Autumn (MAM),111.42397300142387
Gauteng,2021,Spring (SON),246.71071273419716
Gauteng,2021,Summer (DJF),405.4806371631994
Gauteng,2021,Winter (JJA),5.186812180334889
Gauteng,2022,Autumn (MAM),156.98597949812216
Gauteng,2022,Spring (SON),194.93893225333346
Gauteng,2022,Summer (DJF),359.1696627175003
Gauteng,2022,Winter (JJA),10.872669877839279
Gauteng,2023,Autumn (MAM),161.6203810392101
Gauteng,2023,Spring (SON),98.98250249384236
Gauteng,2023,Summer (DJF),282.95681176150543
Gauteng,2023,Winter (JJA),7.457942455711347
Gauteng,2024,Autumn (MAM),159.02327484859703
Gauteng,2024,Spring (SON),110.50900528517909
Gauteng,2024,Summer (DJF),379.49338148721097
Gauteng,2024,Winter (JJA),9.900701138351922
Gauteng,2025,Autumn (MAM),255.85092943600455
Gauteng,2025,Spring (SON),277.6265563169644
Gauteng,2025,Summer (DJF),412.4023434881919
Gauteng,2025,Winter (JJA),21.092054937005187
Gauteng,2026,Summer (DJF),123.75749801065292
KwaZulu-Natal,2001,Autumn (MAM),142.0100348540146
KwaZulu-Natal,2001,Spring (SON),302.79615289600866
KwaZulu-Natal,2001,Summer (DJF),192.95338051156892
KwaZulu-Natal,2001,Winter (JJA),34.62435726150417
KwaZulu-Natal,2002,Autumn (MAM),125.07092372494856
KwaZulu-Natal,2002,Spring (SON),157.01478259381958
KwaZulu-Natal,2002,Summer (DJF),340.93500447858435
KwaZulu-Natal,2002,Winter (JJA),106.3367456187108
KwaZulu-Natal,2003,Autumn (MAM),106.99653046745702
KwaZulu-Natal,2003,Spring (SON),186.8747684117173
KwaZulu-Natal,2003,Summer (DJF),323.66274040309384
KwaZulu-Natal,2003,Winter (JJA),46.40046572464664
KwaZulu-Natal,2004,Autumn (MAM),115.46370891642509
KwaZulu-Natal,2004,Spring (SON),224.52888289823164
KwaZulu-Natal,2004,Summer (DJF),372.31454225034105
KwaZulu-Natal,2004,Winter (JJA),51.07922430771359
KwaZulu-Natal,2005,Autumn (MAM),145.81964883299707
KwaZulu-Natal,2005,Spring (SON),231.7982363605433
KwaZulu-Natal,2005,Summer (DJF),380.4435899041555
KwaZulu-Natal,2005,Winter (JJA),38.45431276402186
KwaZulu-Natal,2006,Autumn (MAM),172.4587754886819
KwaZulu-Natal,2006,Spring (SON),269.69878832268404
KwaZulu-Natal,2006,Summer (DJF),396.0960477335664
KwaZulu-Natal,2006,Winter (JJA),55.5877847324074
KwaZulu-Natal,2007,Autumn (MAM),146.86959561233232
KwaZulu-Natal,2007,Spring (SON),319.4253173296891
KwaZulu-Natal,2007,Summer (DJF),357.61234064502275
KwaZulu-Natal,2007,Winter (JJA),54.97956135632369
KwaZulu-Natal,2008,Autumn (MAM),194.66249681234092
KwaZulu-Natal,2008,Spring (SON),201.0333806565034
KwaZulu-Natal,2008,Summer (DJF),291.99537943703433
KwaZulu-Natal,2008,Winter (JJA),35.903660318101494
KwaZulu-Natal,2009,Autumn (MAM),111.74191426004258
KwaZulu-Natal,2009,Spring (SON),248.33864816503373
KwaZulu-Natal,2009,Summer (DJF),409.67309956196954
KwaZulu-Natal,2009,Winter (JJA),59.86074019268765
KwaZulu-Natal,2010,Autumn (MAM),144.39116053038296
KwaZulu-Natal,2010,Spring (SON),205.94698081313317
KwaZulu-Natal,2010,Summer (DJF),328.7067800757143
KwaZulu-Natal,2010,Winter (JJA),28.459814232671874
KwaZulu-Natal,2011,Autumn (MAM),181.71361944483183
KwaZulu-Natal,2011,Spring (SON),202.78601667722663
KwaZulu-Natal,2011,Summer (DJF),379.8028262470009
KwaZulu-Natal,2011,Winter (JJA),72.92583088578769
KwaZulu-Natal,2012,Autumn (MAM),142.6827777192158
KwaZulu-Natal,2012,Spring (SON),343.2839731734339
KwaZulu-Natal,2012,Summer (DJF),273.2319095119618
KwaZulu-Natal,2012,Winter (JJA),46.156334290996675
KwaZulu-Natal,2013,Autumn (MAM),173.27896722097634
KwaZulu-Natal,2013,Spring (SON),223.23825442543762
KwaZulu-Natal,2013,Summer (DJF),359.46017213922335
KwaZulu-Natal,2013,Winter (JJA),44.86444962693268
KwaZulu-Natal,2014,Autumn (MAM),160.44795325630903
KwaZulu-Natal,2014,Spring (SON),160.4122288317439
KwaZulu-Natal,2014,Summer (DJF),278.07828622753874
KwaZulu-Natal,2014,Winter (JJA),33.20691634673991
KwaZulu-Natal,2015,Autumn (MAM),158.90327929837255
KwaZulu-Natal,2015,Spring (SON),126.46456355741861
KwaZulu-Natal,2015,Summer (DJF),289.84874904177354
KwaZulu-Natal,2015,Winter (JJA),37.37585096635458
KwaZulu-Natal,2016,Autumn (MAM),131.63019911446415
KwaZulu-Natal,2016,Spring (SON),228.90793152915597
KwaZulu-Natal,2016,Summer (DJF),287.8640469137887
KwaZulu-Natal,2016,Winter (JJA),72.82643590084577
KwaZulu-Natal,2017,Autumn (MAM),153.33495362403585
KwaZulu-Natal,2017,Spring (SON),202.9612859912155
KwaZulu-Natal,2017,Summer (DJF),318.87746694951915
KwaZulu-Natal,2017,Winter (JJA),31.77010799913446
KwaZulu-Natal,2018,Autumn (MAM),207.13058031443285
KwaZulu-Natal,2018,Spring (SON),180.198592687551
KwaZulu-Natal,2018,Summer (DJF),370.37173550937723
KwaZulu-Natal,2018,Winter (JJA),48.304300330653696
KwaZulu-Natal,2019,Autumn (MAM),226.00383533625188
KwaZulu-Natal,2019,Spring (SON),174.84477183120333
KwaZulu-Natal,2019,Summer (DJF),383.34430395882106
KwaZulu-Natal,2019,Winter (JJA),28.375608141136937
KwaZulu-Natal,2020,Autumn (MAM),160.63875683132852
KwaZulu-Natal,2020,Spring (SON),267.319412883635
KwaZulu-Natal,2020,Summer (DJF),319.77630953993713
KwaZulu-Natal,2020,Winter (JJA),34.17201376731298
KwaZulu-Natal,2021,Autumn (MAM),155.68866135611435
KwaZulu-Natal,2021,Spring (SON),195.52338288668756
KwaZulu-Natal,2021,Summer (DJF),412.1995691797819
KwaZulu-Natal,2021,Winter (JJA),53.89469794734416
KwaZulu-Natal,2022,Autumn (MAM),269.07371616637795
KwaZulu-Natal,2022,Spring (SON),244.6458253437325
KwaZulu-Natal,2022,Summer (DJF),389.6891889946407
KwaZulu-Natal,2022,Winter (JJA),50.546636984979344
KwaZulu-Natal,2023,Autumn (MAM),159.26934808252884
KwaZulu-Natal,2023,Spring (SON),222.7269597350877
KwaZulu-Natal,2023,Summer (DJF),483.27945851648144
KwaZulu-Natal,2023,Winter (JJA),44.149168735698765
KwaZulu-Natal,2024,Autumn (MAM),236.0285407222569
KwaZulu-Natal,2024,Spring (SON),248.49101237143523
KwaZulu-Natal,2024,Summer (DJF),380.8905526847944
KwaZulu-Natal,2024,Winter (JJA),31.616627270095133
KwaZulu-Natal,2025,Autumn (MAM),373.37470618926
KwaZulu-Natal,2025,Spring (SON),320.3384427996117
KwaZulu-Natal,2025,Summer (DJF),402.5257691019123
KwaZulu-Natal,2025,Winter (JJA),59.17875370900016
KwaZulu-Natal,2026,Summer (DJF),143.47585233776334
Limpopo,2001,Autumn (MAM),73.72712004624483
Limpopo,2001,Spring (SON),176.5734954632815
Limpopo,2001,Summer (DJF),119.18423380723145
Limpopo,2001,Winter (JJA),7.664128936127847
Limpopo,2002,Autumn (MAM),61.97640452530041
Limpopo,2002,Spring (SON),76.03749459993504
Limpopo,2002,Summer (DJF),168.2538903459262
Limpopo,2002,Winter (JJA),10.792775580308614
Limpopo,2003,Autumn (MAM),52.55623425049023
Limpopo,2003,Spring (SON),113.49695666643657
Limpopo,2003,Summer (DJF),202.37608477516028
Limpopo,2003,Winter (JJA),9.185686039405352
Limpopo,2004,Autumn (MAM),150.07789693743456
Limpopo,2004,Spring (SON),77.2126194384333
Limpopo,2004,Summer (DJF),280.14153737340314
Limpopo,2004,Winter (JJA),7.4930800365295305
Limpopo,2005,Autumn (MAM),69.68141950958943
Limpopo,2005,Spring (SON),87.91844861211761
Limpopo,2005,Summer (DJF),184.9947964592876
Limpopo,2005,Winter (JJA),4.508256498865291
Limpopo,2006,Autumn (MAM),129.6411160138956
Limpopo,2006,Spring (SON),117.30042130935081
Limpopo,2006,Summer (DJF),329.0142073269253
Limpopo,2006,Winter (JJA),6.431773850705255
Limpopo,2007,Autumn (MAM),77.0511164323971
Limpopo,2007,Spring (SON),177.59609654294556
Limpopo,2007,Summer (DJF),179.7236694253959
Limpopo,2007,Winter (JJA),8.563191973756707
Limpopo,2008,Autumn (MAM),91.37760526990772
Limpopo,2008,Spring (SON),125.44104246033613
Limpopo,2008,Summer (DJF),239.69178711982298
Limpopo,2008,Winter (JJA),8.61495461056987
Limpopo,2009,Autumn (MAM),79.99468624097959
Limpopo,2009,Spring (SON),157.34288812237241
Limpopo,2009,Summer (DJF),338.04969470417535
Limpopo,2009,Winter (JJA),15.285369099402553
Limpopo,2010,Autumn (MAM),133.0405083341578
Limpopo,2010,Spring (SON),116.00918697163125
Limpopo,2010,Summer (DJF),225.73381221751455
Limpopo,2010,Winter (JJA),5.932901687037627
Limpopo,2011,Autumn (MAM),97.12259079160293
Limpopo,2011,Spring (SON),110.20943740530808
Limpopo,2011,Summer (DJF),327.3209310248749
Limpopo,2011,Winter (JJA),6.521643289150829
Limpopo,2012,Autumn (MAM),49.91254883484164
Limpopo,2012,Spring (SON),163.0607910531108
Limpopo,2012,Summer (DJF),210.23801267329728
Limpopo,2012,Winter (JJA),4.149760124421311
Limpopo,2013,Autumn (MAM),88.58791637855857
Limpopo,2013,Spring (SON),135.44421716301213
Limpopo,2013,Summer (DJF),275.3215789884976
Limpopo,2013,Winter (JJA),5.4789604573221204
Limpopo,2014,Autumn (MAM),164.65431535165644
Limpopo,2014,Spring (SON),79.36072039572255
Limpopo,2014,Summer (DJF),274.80309406395895
Limpopo,2014,Winter (JJA),5.521155439344355
Limpopo,2015,Autumn (MAM),86.46910646909691
Limpopo,2015,Spring (SON),104.719322250008
Limpopo,2015,Summer (DJF),230.72102205203964
Limpopo,2015,Winter (JJA),5.8532437492590415
Limpopo,2016,Autumn (MAM),107.79325933205155
Limpopo,2016,Spring (SON),120.24499802271065
Limpopo,2016,Summer (DJF),212.8216277401525
Limpopo,2016,Winter (JJA),10.579854627480529
Limpopo,2017,Autumn (MAM),105.75913032811205
Limpopo,2017,Spring (SON),143.82964421966358
Limpopo,2017,Summer (DJF),508.82934936366416
Limpopo,2017,Winter (JJA),5.777847110870027
Limpopo,2018,Autumn (MAM),86.01688647391043
Limpopo,2018,Spring (SON),60.48407892595406
Limpopo,2018,Summer (DJF),308.25232878586934
Limpopo,2018,Winter (JJA),7.896232767632276
Limpopo,2019,Autumn (MAM),79.64177025582093
Limpopo,2019,Spring (SON),116.81733418802371
Limpopo,2019,Summer (DJF),288.9721488044767
Limpopo,2019,Winter (JJA),5.920264798180733
Limpopo,2020,Autumn (MAM),65.79655156460426
Limpopo,2020,Spring (SON),179.03002303313377
Limpopo,2020,Summer (DJF),323.12532286616823
Limpopo,2020,Winter (JJA),10.912267058890421
Limpopo,2021,Autumn (MAM),41.603829830147085
Limpopo,2021,Spring (SON),124.65676727941542
Limpopo,2021,Summer (DJF),534.2398862100301
Limpopo,2021,Winter (JJA),7.209850160562268
Limpopo,2022,Autumn (MAM),102.65257666498961
Limpopo,2022,Spring (SON),102.38561549169025
Limpopo,2022,Summer (DJF),297.26780257582885
Limpopo,2022,Winter (JJA),12.982456917185692
Limpopo,2023,Autumn (MAM),69.79988268830961
Limpopo,2023,Spring (SON),74.32478100387152
Limpopo,2023,Summer (DJF),281.76351319919434
Limpopo,2023,Winter (JJA),8.228293837949032
Limpopo,2024,Autumn (MAM),80.2299977714749
Limpopo,2024,Spring (SON),128.99967735504688
Limpopo,2024,Summer (DJF),314.0930486028277
Limpopo,2024,Winter (JJA),8.884906025716685
Limpopo,2025,Autumn (MAM),96.36730395664998
Limpopo,2025,Spring (SON),181.41253020162134
Limpopo,2025,Summer (DJF),492.59614967737093
Limpopo,2025,Winter (JJA),15.052657226194112
Limpopo,2026,Summer (DJF),118.17681550283294
Mpumalanga,2001,Autumn (MAM),110.0567406076095
Mpumalanga,2001,Spring (SON),247.53509462574075
Mpumalanga,2001,Summer (DJF),185.89304067878166
Mpumalanga,2001,Winter (JJA),25.588768197921127
Mpumalanga,2002,Autumn (MAM),111.65601522179139
Mpumalanga,2002,Spring (SON),141.26135035333692
Mpumalanga,2002,Summer (DJF),315.4326875996831
Mpumalanga,2002,Winter (JJA),42.99337689908412
Mpumalanga,2003,Autumn (MAM),78.9041294764375
Mpumalanga,2003,Spring (SON),161.44568558079607
Mpumalanga,2003,Summer (DJF),355.93882013490196
Mpumalanga,2003,Winter (JJA),23.665266997399083
Mpumalanga,2004,Autumn (MAM),159.8676237752993
Mpumalanga,2004,Spring (SON),168.47809010881795
Mpumalanga,2004,Summer (DJF),404.4043891852264
Mpumalanga,2004,Winter (JJA),30.7867145445896
Mpumalanga,2005,Autumn (MAM),126.07075721971921
Mpumalanga,2005,Spring (SON),188.23535114259903
Mpumalanga,2005,Summer (DJF),373.07581949427623
Mpumalanga,2005,Winter (JJA),19.112347869653203
Mpumalanga,2006,Autumn (MAM),186.801205776577
Mpumalanga,2006,Spring (SON),160.16331929101563
Mpumalanga,2006,Summer (DJF),482.9050955306338
Mpumalanga,2006,Winter (JJA),25.927926472107277
Mpumalanga,2007,Autumn (MAM),116.18949217743813
Mpumalanga,2007,Spring (SON),255.75526883061912
Mpumalanga,2007,Summer (DJF),363.7734084563548
Mpumalanga,2007,Winter (JJA),24.621481271070873
Mpumalanga,2008,Autumn (MAM),163.78121233152328
Mpumalanga,2008,Spring (SON),200.05694830938714
Mpumalanga,2008,Summer (DJF),357.24267432833364
Mpumalanga,2008,Winter (JJA),17.769047826730027
Mpumalanga,2009,Autumn (MAM),113.28289238432127
Mpumalanga,2009,Spring (SON),265.5003336702851
Mpumalanga,2009,Summer (DJF),482.79958746160935
Mpumalanga,2009,Winter (JJA),39.08810947593479
Mpumalanga,2010,Autumn (MAM),168.21494151698712
Mpumalanga,2010,Spring (SON),194.95373928771696
Mpumalanga,2010,Summer (DJF),371.9584216746385
Mpumalanga,2010,Winter (JJA),17.0279460757147
Mpumalanga,2011,Autumn (MAM),141.8117790538083
Mpumalanga,2011,Spring (SON),148.66112529256853
Mpumalanga,2011,Summer (DJF),385.13467011461773
Mpumalanga,2011,Winter (JJA),27.914918896353697
Mpumalanga,2012,Autumn (MAM),97.03964818399172
Mpumalanga,2012,Spring (SON),283.0715799713969
Mpumalanga,2012,Summer (DJF),321.81880409975696
Mpumalanga,2012,Winter (JJA),14.17884055218311
Mpumalanga,2013,Autumn (MAM),167.372995219278
Mpumalanga,2013,Spring (SON),251.827296150687
Mpumalanga,2013,Summer (DJF),360.98161560931976
Mpumalanga,2013,Winter (JJA),20.39612355035888
Mpumalanga,2014,Autumn (MAM),235.67643603000906
Mpumalanga,2014,Spring (SON),164.0596684776234
Mpumalanga,2014,Summer (DJF),318.510571095403
Mpumalanga,2014,Winter (JJA),17.864024513700073
Mpumalanga,2015,Autumn (MAM),147.4095282054317
Mpumalanga,2015,Spring (SON),153.51894240709314
Mpumalanga,2015,Summer (DJF),366.3132622850461
Mpumalanga,2015,Winter (JJA),19.148252132481264
Mpumalanga,2016,Autumn (MAM),135.40558733062613
Mpumalanga,2016,Spring (SON),262.4286629134575
Mpumalanga,2016,Summer (DJF),356.5944658030623
Mpumalanga,2016,Winter (JJA),28.985760350230308
Mpumalanga,2017,Autumn (MAM),155.7823522991475
Mpumalanga,2017,Spring (SON),209.06609143632136
Mpumalanga,2017,Summer (DJF),536.4532399668589
Mpumalanga,2017,Winter (JJA),21.235340496720838
Mpumalanga,2018,Autumn (MAM),173.95320333823443
Mpumalanga,2018,Spring (SON),137.32922454944938
Mpumalanga,2018,Summer (DJF),372.3476064101571
Mpumalanga,2018,Winter (JJA),30.089377818382378
Mpumalanga,2019,Autumn (MAM),150.84081382812246
Mpumalanga,2019,Spring (SON),162.8973981777975
Mpumalanga,2019,Summer (DJF),434.9733501817982
Mpumalanga,2019,Winter (JJA),19.617111741791202
Mpumalanga,2020,Autumn (MAM),137.34275325032687
Mpumalanga,2020,Spring (SON),210.6059498936192
Mpumalanga,2020,Summer (DJF),358.1135035390464
Mpumalanga,2020,Winter (JJA),28.40008522386543
Mpumalanga,2021,Autumn (MAM),112.22037066856777
Mpumalanga,2021,Spring (SON),192.07610046321912
Mpumalanga,2021,Summer (DJF),536.8713427176914
Mpumalanga,2021,Winter (JJA),23.201067611921633
Mpumalanga,2022,Autumn (MAM),213.6496908739747
Mpumalanga,2022,Spring (SON),199.75586198915238
Mpumalanga,2022,Summer (DJF),451.99438507141605
Mpumalanga,2022,Winter (JJA),41.12250276382197
Mpumalanga,2023,Autumn (MAM),131.98275827533556
Mpumalanga,2023,Spring (SON),197.37614623425952
Mpumalanga,2023,Summer (DJF),555.1975282065204
Mpumalanga,2023,Winter (JJA),28.79628029245093
Mpumalanga,2024,Autumn (MAM),259.17388205738587
Mpumalanga,2024,Spring (SON),147.9139104034089
Mpumalanga,2024,Summer (DJF),456.5926488459434
Mpumalanga,2024,Winter (JJA),17.40250271393393
Mpumalanga,2025,Autumn (MAM),194.5065625612952
Mpumalanga,2025,Spring (SON),329.64552787582477
Mpumalanga,2025,Summer (DJF),525.824778355483
Mpumalanga,2025,Winter (JJA),25.134518589095556
Mpumalanga,2026,Summer (DJF),141.2210714324607
North West,2001,Autumn (MAM),136.93924617754354
North West,2001,Spring (SON),203.4257310530356
North West,2001,Summer (DJF),113.39727237327119
North West,2001,Winter (JJA),10.861319380806675
North West,2002,Autumn (MAM),80.7983303512932
North West,2002,Spring (SON),82.90261881926561
North West,2002,Summer (DJF),227.38131190060335
North West,2002,Winter (JJA),20.91908644077558
North West,2003,Autumn (MAM),58.872463780316124
North West,2003,Spring (SON),114.2146801623749
North West,2003,Summer (DJF),262.5895375754052
North West,2003,Winter (JJA),4.253198250313382
North West,2004,Autumn (MAM),121.29643778689191
North West,2004,Spring (SON),71.9314594683479
North West,2004,Summer (DJF),215.36791309328999
North West,2004,Winter (JJA),6.212543583263031
North West,2005,Autumn (MAM),135.20249673834283
North West,2005,Spring (SON),74.1776133151462
North West,2005,Summer (DJF),286.9025913422489
North West,2005,Winter (JJA),0.9790266606100863
North West,2006,Autumn (MAM),145.10400189758164
North West,2006,Spring (SON),107.39735241772895
North West,2006,Summer (DJF),374.0054160856325
North West,2006,Winter (JJA),13.16220186990818
North West,2007,Autumn (MAM),84.2145736715368
North West,2007,Spring (SON),174.4477123242147
North West,2007,Summer (DJF),162.14584057923025
North West,2007,Winter (JJA),12.631553059443563
North West,2008,Autumn (MAM),126.88580878531089
North West,2008,Spring (SON),97.80527859901969
North West,2008,Summer (DJF),277.272820353899
North West,2008,Winter (JJA),4.76778900272404
North West,2009,Autumn (MAM),82.74545119730114
North West,2009,Spring (SON),146.59237788314155
North West,2009,Summer (DJF),304.61599615120247
North West,2009,Winter (JJA),19.394880012432978
North West,2010,Autumn (MAM),137.65454035985752
North West,2010,Spring (SON),74.31100821672703
North West,2010,Summer (DJF),306.1351343481301
North West,2010,Winter (JJA),0.656409797214839
North West,2011,Autumn (MAM),152.30022898677913
North West,2011,Spring (SON),54.654189290932436
North West,2011,Summer (DJF),308.2811908449692
North West,2011,Winter (JJA),6.93636976803947
North West,2012,Autumn (MAM),66.16135265781494
North West,2012,Spring (SON),96.76892654957153
North West,2012,Summer (DJF),195.4563245402129
North West,2012,Winter (JJA),6.061363819498007
North West,2013,Autumn (MAM),101.89161685852544
North West,2013,Spring (SON),66.50013426328407
North West,2013,Summer (DJF),207.28515953002977
North West,2013,Winter (JJA),3.154865341885445
North West,2014,Autumn (MAM),121.18439921826726
North West,2014,Spring (SON),86.64464884133643
North West,2014,Summer (DJF),280.6209784913841
North West,2014,Winter (JJA),2.896597159978243
North West,2015,Autumn (MAM),82.02331372700729
North West,2015,Spring (SON),70.01812068027868
North West,2015,Summer (DJF),167.89609306366816
North West,2015,Winter (JJA),6.529077827669657
North West,2016,Autumn (MAM),108.41760014030311
North West,2016,Spring (SON),84.60216411530973
North West,2016,Summer (DJF),173.13648614558946
North West,2016,Winter (JJA),10.478003223233525
North West,2017,Autumn (MAM),80.26390579784167
North West,2017,Spring (SON),70.25425755820017
North West,2017,Summer (DJF),437.6360921123596
North West,2017,Winter (JJA),0.389053712269709
North West,2018,Autumn (MAM),179.17955358570575
North West,2018,Spring (SON),40.99616944314779
North West,2018,Summer (DJF),208.5695268684668
North West,2018,Winter (JJA),6.029206309911294
North West,2019,Autumn (MAM),153.0910754128853
North West,2019,Spring (SON),63.805402708344594
North West,2019,Summer (DJF),195.85135732292264
North West,2019,Winter (JJA),3.0872397359799493
North West,2020,Autumn (MAM),134.67468068451157
North West,2020,Spring (SON),155.6727747431582
North West,2020,Summer (DJF),303.7388425830929
North West,2020,Winter (JJA),5.9041398370344025
North West,2021,Autumn (MAM),78.50516925232829
North West,2021,Spring (SON),113.73847770252021
North West,2021,Summer (DJF),452.9743526193985
North West,2021,Winter (JJA),8.313924903496794
North West,2022,Autumn (MAM),173.84335440876268
North West,2022,Spring (SON),160.92151408527823
North West,2022,Summer (DJF),358.243423353781
North West,2022,Winter (JJA),13.647408796168037
North West,2023,Autumn (MAM),100.49671184581196
North West,2023,Spring (SON),54.40341282127405
North West,2023,Summer (DJF),212.74410619498252
North West,2023,Winter (JJA),1.448020063450602
North West,2024,Autumn (MAM),92.3904400564643
North West,2024,Spring (SON),94.37293427568832
North West,2024,Summer (DJF),263.2670715536132
North West,2024,Winter (JJA),7.387800931173705
North West,2025,Autumn (MAM),207.75037078179002
North West,2025,Spring (SON),195.59419654875947
North West,2025,Summer (DJF),272.85534933097074
North West,2025,Winter (JJA),15.061582605921991
North West,2026,Summer (DJF),102.17144148436944
Northern Cape,2001,Autumn (MAM),100.54757666330755
Northern Cape,2001,Spring (SON),68.58496793170053
Northern Cape,2001,Summer (DJF),31.485902710087178
Northern Cape,2001,Winter (JJA),25.081257970801833
Northern Cape,2002,Autumn (MAM),71.51775215822548
Northern Cape,2002,Spring (SON),31.479826101927042
Northern Cape,2002,Summer (DJF),66.55230486226742
Northern Cape,2002,Winter (JJA),28.814941825758748
Northern Cape,2003,Autumn (MAM),42.42863795336201
Northern Cape,2003,Spring (SON),43.605426848430625
Northern Cape,2003,Summer (DJF),73.50894129645042
Northern Cape,2003,Winter (JJA),17.620866995572968
Northern Cape,2004,Autumn (MAM),64.38260163545954
Northern Cape,2004,Spring (SON),32.24970768014945
Northern Cape,2004,Summer (DJF),78.93285074529241
Northern Cape,2004,Winter (JJA),18.032652072202715
Northern Cape,2005,Autumn (MAM),78.70810875043246
Northern Cape,2005,Spring (SON),34.97060513474901
Northern Cape,2005,Summer (DJF),83.63272770831935
Northern Cape,2005,Winter (JJA),15.917629265970348
Northern Cape,2006,Autumn (MAM),80.45815012499061
Northern Cape,2006,Spring (SON),33.3279175436482
Northern Cape,2006,Summer (DJF),118.6623673904833
Northern Cape,2006,Winter (JJA),24.92726729732362
Northern Cape,2007,Autumn (MAM),62.49606594754093
Northern Cape,2007,Spring (SON),55.83676798155311
Northern Cape,2007,Summer (DJF),44.951947993747524
Northern Cape,2007,Winter (JJA),25.243208372629546
Northern Cape,2008,Autumn (MAM),74.62357421175187
Northern Cape,2008,Spring (SON),30.998028375992078
Northern Cape,2008,Summer (DJF),107.84012650933177
Northern Cape,2008,Winter (JJA),29.26067370638771
Northern Cape,2009,Autumn (MAM),54.55187499095714
Northern Cape,2009,Spring (SON),42.4301879232763
Northern Cape,2009,Summer (DJF),103.8811488505626
Northern Cape,2009,Winter (JJA),32.21718812120976
Northern Cape,2010,Autumn (MAM),54.52410022312972
Northern Cape,2010,Spring (SON),26.31290942277183
Northern Cape,2010,Summer (DJF),105.98790924573727
Northern Cape,2010,Winter (JJA),12.56859174304289
Northern Cape,2011,Autumn (MAM),78.84865056821418
Northern Cape,2011,Spring (SON),18.271442586091492
Northern Cape,2011,Summer (DJF),136.07994881153556
Northern Cape,2011,Winter (JJA),25.164617436469612
Northern Cape,2012,Autumn (MAM),56.24759027402116
Northern Cape,2012,Spring (SON),28.346272705464273
Northern Cape,2012,Summer (DJF),70.1133803909108
Northern Cape,2012,Winter (JJA),24.888252493201517
Northern Cape,2013,Autumn (MAM),55.79013119238527
Northern Cape,2013,Spring (SON),22.354209107598475
Northern Cape,2013,Summer (DJF),72.39198717684883
Northern Cape,2013,Winter (JJA),28.592823206216085
Northern Cape,2014,Autumn (MAM),62.06372209064006
Northern Cape,2014,Spring (SON),46.86862779604394
Northern Cape,2014,Summer (DJF),92.93783877413289
Northern Cape,2014,Winter (JJA),19.495405530436965
Northern Cape,2015,Autumn (MAM),58.80618919044962
Northern Cape,2015,Spring (SON),23.97972700985249
Northern Cape,2015,Summer (DJF),40.93139453062744
Northern Cape,2015,Winter (JJA),36.699768186587754
Northern Cape,2016,Autumn (MAM),61.28102418561596
Northern Cape,2016,Spring (SON),19.921420357810447
Northern Cape,2016,Summer (DJF),66.2538208802237
Northern Cape,2016,Winter (JJA),21.857013689362432
Northern Cape,2017,Autumn (MAM),39.52313411094754
Northern Cape,2017,Spring (SON),26.05970318884516
Northern Cape,2017,Summer (DJF),98.73162557426372
Northern Cape,2017,Winter (JJA),11.543564498681775
Northern Cape,2018,Autumn (MAM),89.46172258993248
Northern Cape,2018,Spring (SON),24.672043245144618
Northern Cape,2018,Summer (DJF),71.35409360591906
Northern Cape,2018,Winter (JJA),17.78441712381771
Northern Cape,2019,Autumn (MAM),51.5131239229253
Northern Cape,2019,Spring (SON),15.07836056171931
Northern Cape,2019,Summer (DJF),57.50238113992643
Northern Cape,2019,Winter (JJA),12.780108345256261
Northern Cape,2020,Autumn (MAM),65.89183087162128
Northern Cape,2020,Spring (SON),44.47184038540459
Northern Cape,2020,Summer (DJF),95.5208265649387
Northern Cape,2020,Winter (JJA),24.121282652426043
Northern Cape,2021,Autumn (MAM),60.33551462577338
Northern Cape,2021,Spring (SON),41.92288915111563
Northern Cape,2021,Summer (DJF),135.24879648712545
Northern Cape,2021,Winter (JJA),23.378171999605534
Northern Cape,2022,Autumn (MAM),115.41548438823611
Northern Cape,2022,Spring (SON),47.10590613886286
Northern Cape,2022,Summer (DJF),169.0241390246744
Northern Cape,2022,Winter (JJA),39.17873566869319
Northern Cape,2023,Autumn (MAM),54.77779403495119
Northern Cape,2023,Spring (SON),30.07655834401268
Northern Cape,2023,Summer (DJF),98.42247487009037
Northern Cape,2023,Winter (JJA),28.52179054153635
Northern Cape,2024,Autumn (MAM),63.981834738687915
Northern Cape,2024,Spring (SON),25.611823228034226
Northern Cape,2024,Summer (DJF),70.51214517728427
Northern Cape,2024,Winter (JJA),28.851058100536406
Northern Cape,2025,Autumn (MAM),131.32679641492308
Northern Cape,2025,Spring (SON),58.24618371621249
Northern Cape,2025,Summer (DJF),48.39644208312544
Northern Cape,2025,Winter (JJA),28.904143546707438
Northern Cape,2026,Summer (DJF),32.11886249538877
Western Cape,2001,Autumn (MAM),100.22483345204134
Western Cape,2001,Spring (SON),97.74658778302584
Western Cape,2001,Summer (DJF),33.47987853924754
Western Cape,2001,Winter (JJA),105.4557356739147
Western Cape,2002,Autumn (MAM),96.71897453262086
Western Cape,2002,Spring (SON),57.63006379850878
Western Cape,2002,Summer (DJF),51.52635428477868
Western Cape,2002,Winter (JJA),112.23577850589706
Western Cape,2003,Autumn (MAM),103.78122969039303
Western Cape,2003,Spring (SON),65.00007129909652
Western Cape,2003,Summer (DJF),65.77557688693116
Western Cape,2003,Winter (JJA),81.69382038276807
Western Cape,2004,Autumn (MAM),78.43301523258057
Western Cape,2004,Spring (SON),80.92074192284821
Western Cape,2004,Summer (DJF),53.65004804429694
Western Cape,2004,Winter (JJA),100.96977435912805
Western Cape,2005,Autumn (MAM),98.66189295560274
Western Cape,2005,Spring (SON),64.41854239680674
Western Cape,2005,Summer (DJF),69.68305813442862
Western Cape,2005,Winter (JJA),90.03584035495095
Western Cape,2006,Autumn (MAM),110.22373345076086
Western Cape,2006,Spring (SON),54.66862716381127
Western Cape,2006,Summer (DJF),46.59554176364827
Western Cape,2006,Winter (JJA),133.25273684014306
Western Cape,2007,Autumn (MAM),99.54830821786781
Western Cape,2007,Spring (SON),83.21389944518819
Western Cape,2007,Summer (DJF),44.53110011668875
Western Cape,2007,Winter (JJA),109.32591216083249
Western Cape,2008,Autumn (MAM),71.5203194475993
Western Cape,2008,Spring (SON),71.88668611677389
Western Cape,2008,Summer (DJF),73.99238742938668
Western Cape,2008,Winter (JJA),124.13795166991264
Western Cape,2009,Autumn (MAM),86.97747313886978
Western Cape,2009,Spring (SON),69.87191711848399
Western Cape,2009,Summer (DJF),52.94906913720762
Western Cape,2009,Winter (JJA),103.67227379929368
Western Cape,2010,Autumn (MAM),59.75666232806315
Western Cape,2010,Spring (SON),57.20783142912864
Western Cape,2010,Summer (DJF),52.124051843422116
Western Cape,2010,Winter (JJA),79.94270216680253
Western Cape,2011,Autumn (MAM),90.40099111567034
Western Cape,2011,Spring (SON),51.28388934657361
Western Cape,2011,Summer (DJF),74.50530322635254
Western Cape,2011,Winter (JJA),113.13303516692191
Western Cape,2012,Autumn (MAM),90.10821277107733
Western Cape,2012,Spring (SON),62.793367405548544
Western Cape,2012,Summer (DJF),41.665875715735105
Western Cape,2012,Winter (JJA),114.24659464882257
Western Cape,2013,Autumn (MAM),73.55961960901597
Western Cape,2013,Spring (SON),91.10388510651906
Western Cape,2013,Summer (DJF),56.24171261588012
Western Cape,2013,Winter (JJA),130.60851512788355
Western Cape,2014,Autumn (MAM),84.25646853454975
Western Cape,2014,Spring (SON),59.16796750199547
Western Cape,2014,Summer (DJF),66.7990806176204
Western Cape,2014,Winter (JJA),90.21311890360991
Western Cape,2015,Autumn (MAM),57.67532650584866
Western Cape,2015,Spring (SON),67.53737671000628
Western Cape,2015,Summer (DJF),35.1648799399388
Western Cape,2015,Winter (JJA),138.57458970517843
Western Cape,2016,Autumn (MAM),71.13760963131396
Western Cape,2016,Spring (SON),44.4601539223521
Western Cape,2016,Summer (DJF),46.07419761210497
Western Cape,2016,Winter (JJA),119.88491913819381
Western Cape,2017,Autumn (MAM),37.73241410732794
Western Cape,2017,Spring (SON),70.58753682691392
Western Cape,2017,Summer (DJF),36.22585181638713
Western Cape,2017,Winter (JJA),69.14156489595251
Western Cape,2018,Autumn (MAM),69.1341897217651
Western Cape,2018,Spring (SON),61.7010702899662
Western Cape,2018,Summer (DJF),48.39135877795512
Western Cape,2018,Winter (JJA),90.17884360532398
Western Cape,2019,Autumn (MAM),72.42842389342249
Western Cape,2019,Spring (SON),64.72234624425009
Western Cape,2019,Summer (DJF),51.84799226585248
Western Cape,2019,Winter (JJA),73.18309614646829
Western Cape,2020,Autumn (MAM),72.00513838827285
Western Cape,2020,Spring (SON),96.37777431882978
Western Cape,2020,Summer (DJF),60.87364311060674
Western Cape,2020,Winter (JJA),135.69072262153983
Western Cape,2021,Autumn (MAM),136.0624169399142
Western Cape,2021,Spring (SON),127.29264566034462
Western Cape,2021,Summer (DJF),30.753432151943752
Western Cape,2021,Winter (JJA),154.9625358535402
Western Cape,2022,Autumn (MAM),87.41718430324009
Western Cape,2022,Spring (SON),61.94142252214032
Western Cape,2022,Summer (DJF),79.54122739601914
Western Cape,2022,Winter (JJA),135.4897441913409
Western Cape,2023,Autumn (MAM),175.50420767222917
Western Cape,2023,Spring (SON),115.97591061326354
Western Cape,2023,Summer (DJF),115.32993217054205
Western Cape,2023,Winter (JJA),212.19651417053348
Western Cape,2024,Autumn (MAM),82.43270092529986
Western Cape,2024,Spring (SON),65.62671441208312
Western Cape,2024,Summer (DJF),46.859482661366286
Western Cape,2024,Winter (JJA),197.31337013906233
Western Cape,2025,Autumn (MAM),93.46268646796706
Western Cape,2025,Spring (SON),43.39707480252408
Western Cape,2025,Summer (DJF),28.74123036492838
Western Cape,2025,Winter (JJA),87.55833586764693
Western Cape,2026,Summer (DJF),11.651289530935152
