province,date,daily_rainfall,daily_tmean,daily_relative_humidity,solar_radiation_mj_m2_day,wind_speed_10m_m_s,daily_pet
Eastern Cape,2026-09-15,42.5,19.7,54,12.3,6.4,5.6
Free State,2026-09-15,31.8,18.5,48,11.0,5.2,4.8
Gauteng,2026-09-15,28.6,20.1,50,10.8,4.9,4.6
KwaZulu-Natal,2026-09-15,51.3,21.4,60,13.1,5.8,6.0
Limpopo,2026-09-15,15.2,22.0,42,13.8,3.9,3.4
Mpumalanga,2026-09-15,20.6,21.0,45,12.0,4.2,3.9
North West,2026-09-15,12.4,19.0,40,11.5,4.5,3.7
Northern Cape,2026-09-15,5.8,18.8,35,14.0,5.1,2.8
Western Cape,2026-09-15,18.9,17.6,50,9.8,7.1,4.4
